{
    "1": {
        "IS_1": {
            "replicaCount": 1,
            "isClustered": false,
            "dependencies": ["DB"],
            "enabled": true,
            "labels": {
                "app": "frontend"
            },
            "exposedServices": [],
            "extraParameters": {
                "cordinates": {
                    "row": 5,
                    "column": 3
                }
            },
            "clusterType": null,
            "image": {
                "tag": ""
            }
        }
    },
    "2": {
        "IS_1": {
            "replicaCount": 1,
            "isClustered": false,
            "enabled": true,
            "image": {
                "tag": ""
            },
            "dependencies": ["UM", "DB"],
            "labels": {
                "app": "frontend"
            },
            "exposedServices": [],
            "extraParameters": {
                "cordinates": {
                    "row": 5,
                    "column": 3
                }
            },
            "clusterType": null
        },
        "UM": {
            "replicaCount": 1,
            "isClustered": false,
            "enabled": true,
            "image": {
                "tag": ""
            },
            "labels": {
                "app": "backend"
            },
            "extraParameters": {
                "cordinates": {
                    "row": 5,
                    "column": 11
                }
            },
            "env": {
                "packages": []
            }
        }
    },
    "3": {
        "IS_1": {
            "replicaCount": 1,
            "isClustered": false,
            "enabled": true,
            "image": {
                "tag": ""
            },
            "dependencies": ["UM", "DB"],
            "labels": {
                "app": "frontend"
            },
            "exposedServices": [],
            "extraParameters": {
                "cordinates": {
                    "row": 5,
                    "column": 2
                }
            },
            "clusterType": null
        },
        "IS_2": {
            "replicaCount": 1,
            "isClustered": false,
            "enabled": true,
            "image": {
                "tag": ""
            },
            "dependencies": ["UM", "DB"],
            "labels": {
                "app": "backend"
            },
            "extraParameters": {
                "cordinates": {
                    "row": 5,
                    "column": 12
                }
            },
            "clusterType": null
        },
        "UM": {
            "replicaCount": 1,
            "isClustered": false,
            "enabled": true,
            "image": {
                "tag": ""
            },
            "labels": {
                "app": "backend"
            },
            "extraParameters": {
                "cordinates": {
                    "row": 5,
                    "column": 6
                }
            },
            "env": {
                "packages": []
            }
        }
    }
}