{
	"integration": {
		"landscapeDefinition": {
			"solutionName": "Solution3",
			"description": "Sample Solution",
			"solutionType": 3,
			"productDefinitions": {
				"IS": [{
					"name": "IS1",
					"resources": {
						"limits": {
							"cpu": "1",
							"memory": "2"
						}
					},
					"version": "10.4",
					"env": {
						"packages": ["packages.WmCloudStreams.enabled=true", "packages.WmJDBCAdapter.enabled=true"]
					}
				}, {
					"name": "IS2",
					"resources": {
						"limits": {
							"cpu": "1",
							"memory": "2"
						}
					},
					"version": "10.4",
					"env": {
						"packages": ["packages.WmCloudStreams.enabled=true", "packages.WmJDBCAdapter.enabled=true"]
					}
				}],
				"UNIVERSALMESSAGING": [{
					"name": "UM",
					"resources": {
						"limits": {
							"cpu": "1",
							"memory": "2"
						}
					},
					"version": "10.4"
				}]
			}
		}
	}
}